{"cameraMode":{"drawMode":0,"name":"Shaded","section":"Shading Mode"},"sceneLighting":true,"audioPlay":false,"sceneViewState":{"m_AlwaysRefresh":false,"showFog":true,"showSkybox":true,"showFlares":true,"showImageEffects":true,"showParticleSystems":true,"showVisualEffectGraphs":true,"m_FxEnabled":true},"in2DMode":false,"pivot":{"x":54.78527069091797,"y":65.94041442871094,"z":-14.592575073242188},"rotation":{"x":0.4961007833480835,"y":0.01482939999550581,"z":-0.008516171015799046,"w":0.8684537410736084},"size":1.229081153869629,"orthographic":false}