{"cameraMode":{"drawMode":0,"name":"Shaded","section":"Shading Mode"},"sceneLighting":true,"audioPlay":false,"sceneViewState":{"m_AlwaysRefresh":false,"showFog":true,"showSkybox":true,"showFlares":true,"showImageEffects":true,"showParticleSystems":true,"showVisualEffectGraphs":true,"m_FxEnabled":true},"in2DMode":false,"pivot":{"x":38.537811279296878,"y":36.880645751953128,"z":-12.599479675292969},"rotation":{"x":-0.314953476190567,"y":-0.010210040025413037,"z":0.0035169499460607769,"w":-0.949137270450592},"size":0.8660253882408142,"orthographic":false}