{"cameraMode":{"drawMode":0,"name":"Shaded","section":"Shading Mode"},"sceneLighting":true,"audioPlay":false,"sceneViewState":{"m_AlwaysRefresh":false,"showFog":true,"showSkybox":true,"showFlares":true,"showImageEffects":true,"showParticleSystems":true,"showVisualEffectGraphs":true,"m_FxEnabled":true},"in2DMode":false,"pivot":{"x":50.26390838623047,"y":47.301780700683597,"z":-1.5807312726974488},"rotation":{"x":-0.40777483582496645,"y":-0.008716967888176442,"z":0.004019042477011681,"w":-0.9131245017051697},"size":0.8660253882408142,"orthographic":false}