{"cameraMode":{"drawMode":0,"name":"Shaded","section":"Shading Mode"},"sceneLighting":true,"audioPlay":false,"sceneViewState":{"m_AlwaysRefresh":false,"showFog":true,"showSkybox":true,"showFlares":true,"showImageEffects":true,"showParticleSystems":true,"showVisualEffectGraphs":true,"m_FxEnabled":true},"in2DMode":false,"pivot":{"x":28.16566276550293,"y":26.21977424621582,"z":3.9856948852539064},"rotation":{"x":-0.46652284264564516,"y":-0.015118090435862542,"z":0.008008395321667195,"w":-0.8843927383422852},"size":0.8270542621612549,"orthographic":false}