{"cameraMode":{"drawMode":0,"name":"Shaded","section":"Shading Mode"},"sceneLighting":true,"audioPlay":false,"sceneViewState":{"m_AlwaysRefresh":false,"showFog":true,"showSkybox":true,"showFlares":true,"showImageEffects":true,"showParticleSystems":true,"showVisualEffectGraphs":true,"m_FxEnabled":true},"in2DMode":false,"pivot":{"x":37.30266189575195,"y":19.915870666503908,"z":8.217496871948243},"rotation":{"x":-0.3257516622543335,"y":-0.07956208288669586,"z":0.027601296082139016,"w":-0.9417989253997803},"size":0.8270542621612549,"orthographic":false}