{"cameraMode":{"drawMode":0,"name":"Shaded","section":"Shading Mode"},"sceneLighting":true,"audioPlay":false,"sceneViewState":{"m_AlwaysRefresh":false,"showFog":true,"showSkybox":true,"showFlares":true,"showImageEffects":true,"showParticleSystems":true,"showVisualEffectGraphs":true,"m_FxEnabled":true},"in2DMode":false,"pivot":{"x":42.422340393066409,"y":59.776493072509769,"z":1.411957025527954},"rotation":{"x":-0.4982129633426666,"y":-0.035348229110240939,"z":0.020339030772447587,"w":-0.8661273717880249},"size":1.3421874046325684,"orthographic":false}