{"cameraMode":{"drawMode":0,"name":"Shaded","section":"Shading Mode"},"sceneLighting":true,"audioPlay":false,"sceneViewState":{"m_AlwaysRefresh":false,"showFog":true,"showSkybox":true,"showFlares":true,"showImageEffects":true,"showParticleSystems":true,"showVisualEffectGraphs":true,"m_FxEnabled":true},"in2DMode":false,"pivot":{"x":51.226402282714847,"y":59.61765670776367,"z":1.5133205652236939},"rotation":{"x":-0.4909535348415375,"y":-0.03450495004653931,"z":0.019411738961935045,"w":-0.8703380227088928},"size":1.6005834341049195,"orthographic":false}