{"cameraMode":{"drawMode":0,"name":"Shaded","section":"Shading Mode"},"sceneLighting":true,"audioPlay":false,"sceneViewState":{"m_AlwaysRefresh":false,"showFog":true,"showSkybox":true,"showFlares":true,"showImageEffects":true,"showParticleSystems":true,"showVisualEffectGraphs":true,"m_FxEnabled":true},"in2DMode":false,"pivot":{"x":47.3917121887207,"y":16.951160430908204,"z":2.4244508743286135},"rotation":{"x":-0.17292584478855134,"y":-0.04844096302986145,"z":0.00851396657526493,"w":-0.9837808012962341},"size":0.8660253882408142,"orthographic":false}